{"cameraMode":{"drawMode":0,"name":"Shaded","section":"Shading Mode"},"sceneLighting":false,"audioPlay":false,"sceneViewState":{"showFog":true,"showMaterialUpdate":false,"showSkybox":false,"showFlares":true,"showImageEffects":true,"showParticleSystems":true},"in2DMode":false,"pivot":{"x":1.84103262424469,"y":-2.526610851287842,"z":1.5671231746673585},"rotation":{"x":0.010844776406884194,"y":0.640815794467926,"z":0.00527742737904191,"w":-0.7682475447654724},"size":0.9797208905220032,"orthographic":false}