{"cameraMode":{"drawMode":0,"name":"Shaded","section":"Shading Mode"},"sceneLighting":false,"audioPlay":false,"sceneViewState":{"showFog":true,"showMaterialUpdate":false,"showSkybox":false,"showFlares":true,"showImageEffects":true,"showParticleSystems":true},"in2DMode":false,"pivot":{"x":1.1493580341339112,"y":-0.9133262038230896,"z":0.02093544602394104},"rotation":{"x":-0.04974357411265373,"y":0.7472114562988281,"z":-0.06047868728637695,"w":-0.6607388854026794},"size":1.2486845254898072,"orthographic":false}