{"cameraMode":{"drawMode":0,"name":"Shaded","section":"Shading Mode"},"sceneLighting":false,"audioPlay":false,"sceneViewState":{"showFog":true,"showMaterialUpdate":false,"showSkybox":false,"showFlares":true,"showImageEffects":true,"showParticleSystems":true},"in2DMode":false,"pivot":{"x":0.5036591291427612,"y":-1.0949974060058594,"z":-0.054268717765808108},"rotation":{"x":-0.08411885052919388,"y":0.767432689666748,"z":-0.10746318846940994,"w":-0.6272605657577515},"size":0.6592621207237244,"orthographic":false}