{"cameraMode":{"drawMode":0,"name":"Shaded","section":"Shading Mode"},"sceneLighting":false,"audioPlay":false,"sceneViewState":{"showFog":true,"showMaterialUpdate":false,"showSkybox":false,"showFlares":true,"showImageEffects":true,"showParticleSystems":true},"in2DMode":false,"pivot":{"x":-2.2650184631347658,"y":-1.3060026168823243,"z":1.9916661977767945},"rotation":{"x":-0.5430896282196045,"y":0.08442291617393494,"z":-0.061355963349342349,"w":-0.8339396119117737},"size":0.5126014947891235,"orthographic":false}