{"cameraMode":{"drawMode":0,"name":"Shaded","section":"Shading Mode"},"sceneLighting":false,"audioPlay":false,"sceneViewState":{"showFog":true,"showMaterialUpdate":false,"showSkybox":false,"showFlares":true,"showImageEffects":true,"showParticleSystems":true},"in2DMode":false,"pivot":{"x":0.012776851654052735,"y":-1.3106610774993897,"z":-0.08411157876253128},"rotation":{"x":-0.10167855024337769,"y":0.7125238180160523,"z":-0.11005686223506928,"w":-0.6861922144889832},"size":1.2486845254898072,"orthographic":false}