{"cameraMode":{"drawMode":0,"name":"Shaded","section":"Shading Mode"},"sceneLighting":false,"audioPlay":false,"sceneViewState":{"showFog":true,"showMaterialUpdate":false,"showSkybox":false,"showFlares":true,"showImageEffects":true,"showParticleSystems":true},"in2DMode":false,"pivot":{"x":0.0014729957329109312,"y":0.44187453389167788,"z":-0.6734768152236939},"rotation":{"x":-0.43606075644493105,"y":0.125132218003273,"z":-0.062109000980854037,"w":-0.8892617225646973},"size":0.34178152680397036,"orthographic":false}