{"cameraMode":{"drawMode":0,"name":"Shaded","section":"Shading Mode"},"sceneLighting":false,"audioPlay":false,"sceneViewState":{"showFog":true,"showMaterialUpdate":false,"showSkybox":false,"showFlares":true,"showImageEffects":true,"showParticleSystems":true},"in2DMode":false,"pivot":{"x":4.554005146026611,"y":-1.6948045492172242,"z":6.726221084594727},"rotation":{"x":0.03582684323191643,"y":-0.06678865104913712,"z":0.008420251309871674,"w":0.9978137016296387},"size":2.408832550048828,"orthographic":false}